order,sheetRow,id,name,auditGroup,logoType,productActive,decision,status,owner,notes,fileNotes,sourceUrl,driveFileId,localFiles
1,3,iste-iste-ascd,ISTE / ISTE+ASCD,Group 1 — Master Brand,Master brand,Yes,Keep,Active,Nick Cronin,The master brand,,https://iste.org/about,1XzcHM5M0gIFN4Pqqi1KxcQJRwdC1PEXF,/logos/iste-iste-ascd.png; /logos/iste-iste-ascd.svg; /logos/iste-iste-ascd_b.png
2,4,course-of-mind,Course of Mind,Group 2 — Unique Logo/Site/Colors,Initiative,Yes,Keep,Active,Nick Cronin,courseofmind.org,,https://iste.org/blog/course-of-mind-dive-into-the-learning-sciences,,/logos/course-of-mind.png; /logos/course-of-mind.svg
3,5,digcit-commit,DigCit Commit,Group 2 — Unique Logo/Site/Colors,Initiative,Yes,Keep,Active,Nick Cronin,digcitcommit.org,,https://www.iste.org/explore/press-releases/new-coalition-aims-reach-1-million-students-new-definition-digital,,/logos/digcit-commit.png
4,6,edsurge,EdSurge,Group 2 — Unique Logo/Site/Colors,Initiative,Yes,Keep,Active,Nick Cronin,edsurge.com,,https://www.edsurge.com/,1pdeVOxpsqbylZWoYNmREF5m8qI_tDVFj,/logos/edsurge.png; /logos/edsurge.svg
5,7,iste-edsurge-co-brand,ISTE + EdSurge (co-brand),Group 2 — Unique Logo/Site/Colors,Partner lockup,No,Retire,Retired,Nick Cronin,edsurge.com,,https://www.edsurge.com/research/guides/how-learning-sciences-inform-edtech-procurement-a-tale-of-3-districts,,
6,8,skillrise,SkillRise,Group 2 — Unique Logo/Site/Colors,Initiative,No,Retire,Retired,Nick Cronin,"skillrise.org, an ISTE initiative",,https://iste.org/news/iste-announces-new-initiative-to-support-adult-learning-and-workforce-development-organizations,1wCONEj0zJc0llHnbrFoQnIb37wxeVZp3,/logos/skillrise.jpg
7,9,making-it-happen,Making IT Happen,Group 2 — Unique Logo/Site/Colors,Initiative,Yes,Retire,Retired,Nick Cronin,"makingithappen.org, refresh logo",,https://iste-ascd.org/making-it-happen-award,,
8,10,iste-u,ISTE U,Group 3 — Aligned Logo/Colors,Program or product,No,Retire,Retired,Nick Cronin,icon + wordmark variants,,https://www.iste.org/iste-u,,/logos/iste-u.png
9,11,iste-loop,ISTE Loop,Group 3 — Aligned Logo/Colors,Program or product,Yes,Merge,Active,Nick Cronin,multiple lockup variants,,https://atlasabe.org/news/a-new-easy-and-free-opportunity-to-network-with-colleagues-from-around-the-nation/,,
10,12,iste-creative-constructor-lab,ISTE Creative Constructor Lab,Group 3 — Aligned Logo/Colors,Event,No,Retire,Retired,Nick Cronin,dated event lockup,,https://conference.iste.org/2022CreativeConstructorLab,,/logos/iste-creative-constructor-lab.png; /logos/iste-creative-constructor-lab_b-virtual-2021.jpg
11,13,iste-leadership-exchange,ISTE Leadership Exchange,Group 3 — Aligned Logo/Colors,Event,No,Retire,Retired,Nick Cronin,multiple lockup variants,,https://iste.org/events/leadership-exchange-at-istelive-24,,/logos/iste-leadership-exchange.png; /logos/iste-leadership-exchange.svg
12,14,iste-live,ISTE Live,Group 3 — Aligned Logo/Colors,Event,Yes,Keep,Active,Nick Cronin,"annual event, dated lockup","Promo banner containing the ISTELive 26 logo, not a clean logo file",https://iste.org/events/istelive-26,1YSnrNUOYd_Jkkb6c3IhRZi52nH1vI8En,/logos/iste-live.png
13,15,summer-learning-academy,Summer Learning Academy,Group 3 — Aligned Logo/Colors,Event,No,Retire,Retired,Nick Cronin,"annual, dated lockup",,https://summerlearningacademy.iste.org/,1m9hcuexP5oU9l63-52CRYc8Dqv2t0_0O,/logos/summer-learning-academy.png
14,16,iste-connect,ISTE Connect,Group 3 — Aligned Logo/Colors,Program or product,Yes,Rename,Active,Nick Cronin,currently a graphic,,https://iste.org/connect,,/logos/iste-connect.png
15,17,digital-learning-pathways,Digital Learning Pathways,Group 3 — Aligned Logo/Colors,Partner lockup,No,Retire,Retired,Nick Cronin,ISTE | Metiri co-brand,,https://info.iste.org/iste-digital-learning-pathways,1ibWLAItVz0473obkYRNvZqcG_gkh3jLY,/logos/digital-learning-pathways.png
16,18,iste-coaching-certificate-program,ISTE Coaching Certificate Program,Group 3 — Aligned Logo/Colors,Partner lockup,No,Retire,Retired,Nick Cronin,co-brand with MDEC,,https://www.iste.org/credentials,,
17,19,iste-books,ISTE Books,Group 4 — Level 1 Logo + Text,Program or product,Unsure,Merge,Active,Nick Cronin,,,https://iste.org/learning-library/books,,
18,20,iste-learning-technology-directory,ISTE Learning Technology Directory,Group 4 — Level 1 Logo + Text,Program or product,Unsure,Merge,Active,Nick Cronin,,,https://ltd.iste.org/,,
19,21,iste-certification,ISTE Certification,Group 4 — Level 1 Logo + Text,Program or product,Yes,Retire,Retired,Nick Cronin,"plain lockup, new version available (is this all three certs?)",,https://iste.org/educator-certification,1qEQd6EqavF-3srkbtjRRrlptLz7ui23Y,/logos/iste-certification.png; /logos/iste-certification_hires.png
20,22,iste-certification-higher-education-authorized-provider,"ISTE Certification, Higher Education Authorized Provider",Group 4 — Level 1 Logo + Text,Badge or seal,Yes,Keep,Active,Nick Cronin,,,https://iste.org/iste-certification-cohort-higher-education-cohort,,
21,23,iste-certification-trainer,ISTE Certification Trainer,Group 4 — Level 1 Logo + Text,Badge or seal,Yes,Retire,Retired,Nick Cronin,new version available certified educator,,https://iste.org/certification-training-dates-and-locations,,
22,24,iste-certification-authorized-provider,"ISTE Certification, Authorized Provider",Group 4 — Level 1 Logo + Text,Badge or seal,Yes,Retire,Retired,Nick Cronin,,,https://iste.org/iste-certification-authorized-providers,1sIrBxiLtr3nzNM1_ZySjQKplaAmxnHe6,/logos/iste-certification-authorized-provider.png
23,25,iste-learning-certification,ISTE Learning Certification,Group 4 — Level 1 Logo + Text,Program or product,No,Retire,Retired,Nick Cronin,,,https://info.iste.org/iste-certification-report,,
24,26,iste-learning-academy,ISTE Learning Academy,Group 4 — Level 1 Logo + Text,Program or product,Yes,Retire,Retired,Nick Cronin,new version available,,https://iste.org/iste-ascd-learning-academy,,
25,27,iste-exhibitor-annual-dated,"ISTE Exhibitor (annual, dated)",Group 4 — Level 1 Logo + Text,Event,Yes,Refresh,Active,Nick Cronin,,Cropped from the ISTELive 25 role logo PDF (2025 dated),https://conference.iste.org/2025/exhibitors/pdfs/ISTELive25_RoleSpecificLogoStandards.pdf,1tou4hiqoOAkThL_FBUtT4AIHkXcUXWzt,/logos/iste-exhibitor-annual-dated.png
26,28,iste-presenter-annual-dated,"ISTE Presenter (annual, dated)",Group 4 — Level 1 Logo + Text,Event,Yes,Refresh,Active,Nick Cronin,,Cropped from the ISTELive 25 role logo PDF (2025 dated),https://conference.iste.org/2025/exhibitors/pdfs/ISTELive25_RoleSpecificLogoStandards.pdf,1JTBz_BEVM1c3WzpMGJExDf1AhUShIisa,/logos/iste-presenter-annual-dated.png
27,29,iste-sponsor-annual-dated,"ISTE Sponsor (annual, dated)",Group 4 — Level 1 Logo + Text,Event,Yes,Refresh,Active,Nick Cronin,,Cropped from the ISTELive 25 role logo PDF (2025 dated),https://conference.iste.org/2025/exhibitors/pdfs/ISTELive25_RoleSpecificLogoStandards.pdf,1h8C-zy-47EbXUlBOBBeJrJ-D0B2xgX-o,/logos/iste-sponsor-annual-dated.png
28,30,iste-corporate-champion,ISTE Corporate Champion,Group 4 — Level 1 Logo + Text,Badge or seal,No,Retire,Retired,Nick Cronin,,,https://cdn.iste.org/www-root/membership/ISTE_Corporate%20Membership_Brochure_11-2020.pdf,,
29,31,iste-corporate-leader,ISTE Corporate Leader,Group 4 — Level 1 Logo + Text,Badge or seal,No,Retire,Retired,Nick Cronin,,,https://cdn.iste.org/www-root/membership/ISTE_Corporate%20Membership_Brochure_11-2020.pdf,,
30,32,iste-corporate-member,ISTE Corporate Member,Group 4 — Level 1 Logo + Text,Badge or seal,No,Retire,Retired,Nick Cronin,,Cropped from the 2020 corporate membership brochure,https://cdn.iste.org/www-root/membership/ISTE_Corporate%20Membership_Brochure_11-2020.pdf,1JKZplzUfpMPbKU-eThMvfnDpueBWSITT,/logos/iste-corporate-member.png
31,33,iste-seal-of-alignment,ISTE Seal of Alignment,Group 4 — Level 1 Logo + Text,Badge or seal,Yes,Keep,Active,Nick Cronin,new version available,,https://iste.org/iste-seal,1ITTD_IEalFE6QGBAhFJZp_GuXMvq08lB,/logos/iste-seal-of-alignment.png
32,34,iste-affiliate,ISTE Affiliate,Group 4 — Level 1 Logo + Text,Badge or seal,No,Retire,Retired,Nick Cronin,,,https://iste.org/affiliate-network,,
33,35,iste-affiliate-member,ISTE Affiliate Member,Group 4 — Level 1 Logo + Text,Badge or seal,No,Retire,Retired,Nick Cronin,,Small (370px) from an affiliate site,https://iste.org/affiliate-network,,/logos/iste-affiliate-member.png
34,36,iste-affiliate-network,ISTE Affiliate Network,Group 4 — Level 1 Logo + Text,Badge or seal,No,Retire,Retired,Nick Cronin,,,https://iste.org/affiliate-network,,
35,37,iste-standards,ISTE Standards,Group 4 — Level 1 Logo + Text,Standards,Yes,Refresh,Active,Nick Cronin,plain lockup,Cropped from the ISTE Standards PDF cover,https://iste.org/adopting-the-standards,19CN41SEXEUDDCWB3rCaT52Mpaj9XU9-Y,/logos/iste-standards.png
36,38,iste-standards-students,"ISTE Standards, Students",Group 4 — Level 1 Logo + Text,Standards,Yes,Refresh,Active,Nick Cronin,,,https://iste.org/standards/students,14vZXDeEgXPxnyms6fkn5y3oQSjD1F-fh,/logos/iste-standards-students.png
37,39,iste-standards-educators,"ISTE Standards, Educators",Group 4 — Level 1 Logo + Text,Standards,Yes,Merge,Active,Nick Cronin,,,https://iste.org/standards/educators,1G6ktQrn430Ok56SRT04VjyhG7NuteR7d,/logos/iste-standards-educators.png
38,40,iste-standards-leaders,"ISTE Standards, Leaders",Group 4 — Level 1 Logo + Text,Standards,Yes,Refresh,Active,Nick Cronin,now education leaders,,https://iste.org/standards/education-leaders,1q4HbfOw6Mn43fFA69YV9GZDu78Gmr1Yd,/logos/iste-standards-leaders.png
39,41,iste-standards-faculty,"ISTE Standards, Faculty",TBD,Partner lockup,Yes,Refresh,Active,Nick Cronin,,ISTE+ASCD / ODU co-brand; no Faculty-only mark found,https://iste.org/standards/faculty,,/logos/iste-standards-faculty.png
40,42,iste-standards-coaches,"ISTE Standards, Coaches",Group 4 — Level 1 Logo + Text,Standards,Yes,Refresh,Active,Nick Cronin,,,https://iste.org/standards/coaches,1dYFBnosj60ND7KLfW_ioH1vtUNy1dHO9,/logos/iste-standards-coaches.png
41,43,your-edtech-questions-podcast,Your Edtech Questions (podcast),Group 5 — Other Marks/Misc.,Media or publication,No,Retire,Retired,Nick Cronin,,,https://info.iste.org/your-edtech-questions,1U2LL4780_vBwF6FpiCxfCjwC6a84kxbZ,/logos/your-edtech-questions-podcast.png
42,44,ed-influencers,Ed Influencers,Group 5 — Other Marks/Misc.,Media or publication,No,Retire,Retired,Nick Cronin,,,https://info.iste.org/ed-influencers,1p-RyDTAHgrDpP9bMjdy2F_h3RKaQWP1I,/logos/ed-influencers.jpg
43,45,ideaspark,IdeaSpark,TBD,Media or publication,Yes,Keep,Active,Nick Cronin,,,https://iste.org/ideaspark-podcast,1ba5JL-j5QogMpyBWnUkBEztV9yadz5GP,/logos/ideaspark.png
44,46,iste-standards-seal-of-alignment,ISTE Standards Seal of Alignment,Group 5 — Other Marks/Misc.,Badge or seal,Yes,Refresh,Active,Nick Cronin,"dated, e.g. ""May 2019-21""",Dated seals 2021-23 and 2015-17,https://iste.org/seal-of-alignment/brainpop-jr,,/logos/iste-standards-seal-of-alignment.jpg; /logos/iste-standards-seal-of-alignment_b-2015-17.png
45,47,standards-example-orbit-diagram,"Standards ""Example Orbit"" diagram",Group 5 — Other Marks/Misc.,Standards,Yes,Refresh,Active,Nick Cronin,"also exists for Students, Educators, Coaches",Students orbit used as the example,https://cms-live-media.iste.org/ISTE_STANDARDS_2024_v02.pdf,1MQ_ouWLNG5fm-OcDXkGaon94RiJ_mQ5h,/logos/standards-example-orbit-diagram.png
46,48,iste-recognized-program-educator-standards,ISTE Recognized Program (Educator Standards),Group 5 — Other Marks/Misc.,Badge or seal,Yes,Refresh,Active,Nick Cronin,shield mark,,https://iste.org/teacher-preparation-partners,1gaeRq9cy3-fQczo6yT6seZIsQb9OR76k,/logos/iste-recognized-program-educator-standards.png
47,49,iste-standards-venn-circle-graphic,ISTE Standards Venn/circle graphic,Group 5 — Other Marks/Misc.,Standards,Yes,Refresh,Active,Nick Cronin,Students / Leaders / Educators,,https://iste.org/essential-conditions-for-effective-tech-use-in-schools,,
48,50,digital-learning-in-teacher-education,Digital Learning in Teacher Education,Group 5 — Other Marks/Misc.,Program or product,Yes,Keep,Active,Nick Cronin,report cover mark,Journal cover image,https://iste.org/products/journal-of-digital-learning-in-teacher-education,1KVt_drJ_8_qxhOwJcAREn2AW4ZHRTWbi,/logos/digital-learning-in-teacher-education.png
49,51,research-on-technology-in-education,Research on Technology in Education,Group 5 — Other Marks/Misc.,Program or product,Yes,Keep,Active,Nick Cronin,report cover mark,Journal cover image,https://iste.org/products/journal-of-research-on-technology-in-education,1hXH4O1dMeR5H-gIHHHj6rrbTV2Ate8OC,/logos/research-on-technology-in-education.png
50,52,iste-certified-educator,ISTE Certified Educator,Group 5 — Other Marks/Misc.,Badge or seal,Yes,Keep,Active,Nick Cronin,Is this Edtech Leader?,,https://iste.org/educator-certification,12wiykwyltMFD8fI3laUjSWVghVyidI0b,/logos/iste-certified-educator.png
51,53,iste-certified-coach,ISTE Certified Coach,Group 5 — Other Marks/Misc.,Badge or seal,Yes,Retire,Retired,Nick Cronin,,,https://iste.org/instructional-leader-certification,,
52,54,iste-certified-librarian,ISTE Certified Librarian,Group 5 — Other Marks/Misc.,Badge or seal,Yes,Retire,Retired,Nick Cronin,,Small (277px) badge,https://iste.org/iste-certification-cohort-dual-librarian-certification,,/logos/iste-certified-librarian.png
53,55,computational-thinking-facilitator,"Computational Thinking, Facilitator",Group 5 — Other Marks/Misc.,Badge or seal,Yes,Refresh,Active,Nick Cronin,,,https://iste.org/standards/computational-thinking-competencies,,
54,56,computational-thinking-designer,"Computational Thinking, Designer",Group 5 — Other Marks/Misc.,Badge or seal,Yes,Refresh,Active,Nick Cronin,,,https://iste.org/standards/computational-thinking-competencies,,
55,57,computational-thinking-learner,"Computational Thinking, Learner",Group 5 — Other Marks/Misc.,Badge or seal,Yes,Refresh,Active,Nick Cronin,,,https://iste.org/standards/computational-thinking-competencies,,
56,58,skillrise-badge-spread-with-edtech,"SkillRise badge (""spread with edtech"")",Group 5 — Other Marks/Misc.,Badge or seal,No,Retire,Retired,Nick Cronin,,,https://jff.org/skillrise,,
57,59,iste-community-leaders,ISTE Community Leaders,Group 5 — Other Marks/Misc.,Program or product,Unsure,Refresh,Active,Nick Cronin,,Stand-in: The Edge Community Leader Podcast artwork,https://iste-ascd.org/connect-community-for-educators,,/logos/iste-community-leaders.jpg
